ID,name,pac,sho,pas,dri,def,phy,heading_accuracy,volleys,finishing
20801,Cristiano Ronaldo,90,93,82,90,33,80,88,88,94
158023,L. Messi,89,90,86,96,26,61,71,85,95
190871,Neymar,92,84,79,95,30,60,62,83,89
176580,L. Suárez,82,90,79,87,42,81,77,88,94
167495,M. Neuer,91,90,95,89,60,91,25,11,13
188545,R. Lewandowski,81,88,75,86,38,82,85,87,91
193080,De Gea,90,85,87,90,58,86,21,13,13
183277,E. Hazard,90,82,84,92,32,66,57,79,83
182521,T. Kroos,56,81,89,81,73,70,54,82,76
167664,G. Higuaín,79,87,70,83,25,74,86,88,91
155862,Sergio Ramos,76,63,71,71,88,83,91,66,60
192985,K. De Bruyne,75,84,88,85,45,75,53,82,83
192119,T. Courtois,85,91,69,88,49,86,13,12,14
184941,A. Sánchez,86,84,80,89,40,78,70,83,85
177003,L. Modrić,73,75,86,89,72,65,55,74,71
173731,G. Bale,94,87,84,85,57,76,86,76,87
153079,S. Agüero,87,88,75,89,23,72,68,85,90
138956,G. Chiellini,74,46,56,59,90,85,84,45,33
1179,G. Buffon,89,88,74,84,46,90,13,17,15
211110,P. Dybala,86,85,81,91,24,67,68,88,85
200389,J. Oblak,84,90,77,84,52,87,15,13,11
194765,A. Griezmann,86,85,78,87,30,68,80,87,88
189509,Thiago,72,75,85,90,62,63,58,90,69
188567,P. Aubameyang,96,84,75,81,37,71,79,86,88
184344,L. Bonucci,68,54,70,70,87,81,88,58,39
183907,J. Boateng,75,50,72,67,88,84,85,53,34
182493,D. Godín,67,48,65,63,88,79,92,47,42
178603,M. Hummels,64,58,75,71,89,76,89,60,55
176635,M. Özil,71,74,87,86,24,58,54,77,74
167948,H. Lloris,88,86,68,90,64,82,10,11,10
164240,Thiago Silva,72,56,73,73,89,79,82,63,38
41236,Z. Ibrahimović,65,88,81,82,32,82,80,90,87
9014,A. Robben,86,86,81,91,32,63,51,86,85
215914,N. Kanté,81,66,75,79,81,84,54,56,65
199556,M. Verratti,65,59,84,89,79,68,55,64,58
195864,P. Pogba,74,79,84,85,68,88,73,85,71
190460,C. Eriksen,75,78,88,84,47,63,52,74,76
181872,A. Vidal,75,81,80,79,83,84,81,78,77
179813,E. Cavani,77,83,72,80,42,81,88,84,83
176676,Marcelo,78,69,80,86,83,79,71,54,67
171877,M. Hamšík,74,80,84,84,68,71,74,79,78
168651,I. Rakitić,65,84,86,83,60,66,58,80,83
168542,David Silva,68,72,87,87,38,61,54,79,71
162835,S. Handanovič,87,86,69,87,56,87,10,12,10
152729,Piqué,65,61,69,65,86,76,83,57,64
41,Iniesta,71,70,87,90,58,58,54,74,70
202126,H. Kane,73,87,72,78,42,83,83,73,90
198710,J. Rodríguez,76,85,85,83,40,68,62,91,82
197781,Isco,71,83,82,89,54,62,55,64,88
197445,D. Alaba,86,73,81,80,82,74,75,68,63
192505,R. Lukaku,83,85,70,74,34,84,87,76,89
191043,Alex Sandro,86,65,77,81,81,84,76,68,55
189596,T. Müller,77,82,77,78,46,71,82,83,87
189511,Sergio Busquets,40,59,79,74,82,81,68,44,60
189242,Coutinho,82,78,83,88,35,64,47,75,74
188350,M. Reus,88,87,84,86,39,64,49,88,86
184087,T. Alderweireld,66,58,72,65,87,80,82,38,45
179944,David Luiz,70,64,74,71,84,81,83,64,55
179844,Diego Costa,75,83,65,76,40,88,83,81,88
178518,R. Nainggolan,78,80,78,82,81,83,59,75,76
177610,Javi Martínez,50,60,69,65,86,80,90,61,53
175943,D. Mertens,90,82,79,89,36,55,35,70,85
172879,Sokratis,78,52,55,60,87,84,87,46,44
168609,Miranda,71,49,60,67,88,77,83,51,43
165153,K. Benzema,78,82,78,82,22,74,78,79,84
162895,Cesc Fàbregas,63,77,88,80,61,64,74,81,76
156616,F. Ribéry,82,76,83,90,25,58,41,80,76
120533,Pepe,68,51,57,61,86,80,80,23,46
48940,P. Čech,82,87,76,81,42,83,19,17,12
208418,Y. Carrasco,88,79,78,88,29,63,53,68,79
201535,R. Varane,83,45,61,64,84,79,83,42,40
201153,Morata,83,81,71,80,24,74,83,81,84
200145,Casemiro,62,68,74,72,84,86,74,53,59
198219,L. Insigne,90,74,82,89,25,50,56,74,73
193747,Koke,72,75,86,82,65,76,61,56,71
193301,A. Lacazette,86,83,71,85,38,77,72,82,87
193041,K. Navas,89,78,72,88,53,80,11,11,15
192883,H. Mkhitaryan,86,79,80,87,54,70,53,81,77
192593,D. Subašić,84,79,79,87,53,85,13,13,10
192563,B. Leno,85,84,74,83,49,85,13,10,9
192448,M. ter Stegen,84,83,87,86,45,81,11,14,14
190547,K. Glik,56,32,44,53,86,84,85,17,27
189332,Jordi Alba,93,69,75,82,81,72,63,60,73
186942,I. Gündoğan,71,74,83,87,64,71,49,75,72
184432,Azpilicueta,79,55,75,74,86,78,76,51,46
183898,A. Di María,86,77,82,86,47,68,53,77,74
180206,M. Pjanić,74,71,86,86,67,69,60,72,61
173210,C. Marchisio,78,72,83,84,76,74,68,76,61
172871,J. Vertonghen,67,65,73,70,85,81,81,52,56
170890,B. Matuidi,78,67,77,75,83,84,73,72,65
167628,S. Ruffier,82,84,77,87,48,85,12,13,11
164169,Filipe Luís,79,62,77,77,82,79,68,56,59
139720,V. Kompany,63,54,65,64,84,83,84,46,45
137186,A. Barzagli,71,34,57,64,88,73,72,35,21
225508,E. Bailly,78,42,59,65,84,84,81,42,33
220834,Marco Asensio,82,82,83,83,39,61,50,75,82
218667,Bernardo Silva,81,72,81,90,45,61,51,66,76
212218,A. Laporte,69,50,66,61,86,78,85,40,45
211117,D. Alli,76,81,77,82,64,78,75,76,84
208722,S. Mané,93,78,75,85,36,75,53,68,83
204963,Carvajal,82,45,73,79,83,79,65,34,41
202166,J. Draxler,78,80,82,86,34,64,65,84,78
201399,M. Icardi,78,83,61,75,26,70,84,81,89
201024,K. Koulibaly,73,26,43,56,85,86,79,14,19
200316,T. Horn,83,81,83,86,48,82,14,14,13
192774,K. Manolas,80,19,42,60,86,83,80,16,10
192227,S. Mustafi,67,57,63,62,83,79,81,51,58
191740,Ander Herrera,73,72,81,83,78,77,60,69,71
191202,N. Matić,64,70,77,72,80,87,77,74,64
189712,K. Strootman,67,74,82,78,78,82,68,63,68
189505,Pedro,82,77,77,85,37,62,55,70,81
189117,R. Bürki,84,83,73,85,48,79,17,13,8
184120,Bruno,41,72,79,75,78,77,61,48,66
181458,I. Perišić,84,80,78,82,42,75,78,80,79
180930,E. Džeko,64,83,70,74,32,72,84,77,87
180403,Willian,88,76,81,86,49,64,29,59,77
179846,S. Khedira,64,74,80,76,80,84,76,76,69
179783,R. Fährmann,83,86,52,87,43,85,15,11,11
178750,Sergio Asenjo,86,83,76,85,56,82,13,22,14
178088,Juan Mata,67,76,84,84,32,55,59,71,79
177509,M. Benatia,74,42,54,64,85,82,80,31,45
167397,Falcao,69,84,68,78,37,74,90,84,87
165229,L. Koscielny,75,41,62,65,85,78,81,35,32
164468,G. Cahill,63,58,52,61,84,78,86,47,56
146530,Dani Alves,82,68,81,85,77,66,72,68,55
143076,A. Gómez,90,77,80,89,31,58,36,72,78
106231,Aduriz,70,83,65,77,46,80,94,84,85
231747,K. Mbappé,90,80,74,85,47,74,76,74,87
231443,O. Dembélé,91,76,75,89,33,56,43,76,77
220971,N. Keïta,73,71,77,89,62,70,42,59,74
216460,J. Giménez,70,45,51,52,84,81,79,30,37
215316,G. Rulli,85,79,75,86,51,82,12,16,15
213565,T. Lemar,85,78,80,86,62,70,54,75,78
212814,João Mário,73,70,80,83,70,71,55,69,66
212190,N. Süle,65,41,51,49,83,81,85,29,20
210257,Ederson,81,76,82,87,63,78,14,18,14
209658,L. Goretzka,85,74,80,80,78,76,75,68,72
209499,Fabinho,74,65,76,76,83,83,75,30,66
209331,M. Salah,93,73,74,87,45,66,59,71,79
208596,A. Belotti,82,81,57,78,29,84,84,80,88
208448,E. Forsberg,75,74,83,83,30,66,45,67,72
207865,Marquinhos,71,38,68,69,84,76,80,31,33
207566,William Carvalho,53,57,77,74,80,83,73,50,56
205600,S. Umtiti,74,64,71,71,82,79,72,70,51
204485,R. Mahrez,82,74,78,88,28,55,45,71,74
203376,V. van Dijk,73,60,67,69,83,85,80,45,52
201942,Roberto Firmino,77,81,79,85,46,77,72,79,83
200888,Danilo Pereira,68,62,69,74,82,87,76,55,56
199715,Vitolo,80,77,79,83,28,76,65,75,79
199482,A. Lopes,86,79,73,85,62,79,16,13,18
198176,S. de Vrij,68,41,58,65,85,76,78,27,25
198009,M. Perin,80,85,71,90,56,78,12,19,11
197061,J. Matip,67,46,68,66,84,78,85,50,36
193474,I. Gueye,76,60,70,77,83,81,69,32,50
192629,Iago Aspas,81,83,73,85,29,63,78,86,86
192387,C. Immobile,83,84,61,79,38,76,75,86,86
192366,N. Otamendi,63,56,59,54,83,81,83,56,53
191180,J. Pastore,71,75,83,85,58,64,63,78,73
189513,Parejo,52,77,87,78,61,69,63,72,75
189358,S. Kagawa,70,68,76,87,34,49,42,75,76
189125,G. Bonaventura,78,77,82,83,67,73,60,78,70
189068,B. Dost,60,83,57,64,43,83,93,85,87
188377,K. Walker,90,63,73,76,80,81,73,57,51
188152,Oscar,74,75,79,82,43,47,54,63,75
187936,S. N'Zonzi,57,67,73,71,80,88,79,55,64
186547,M. Musacchio,70,51,67,58,84,78,81,36,48
185239,O. Toprak,76,39,62,67,85,75,83,55,28
185020,José Callejón,90,78,71,83,35,65,65,84,76
184826,Adrien Silva,65,76,82,81,78,72,61,75,71
184431,S. Giovinco,84,81,79,87,27,57,34,75,83
184144,N. Gaitán,81,74,81,85,39,55,54,81,73
181783,M. Mandžukić,72,78,71,74,65,87,90,86,84
180819,A. Lallana,73,75,80,84,65,74,67,72,79
179784,B. Höwedes,64,47,63,64,83,77,84,38,48
178562,E. Banega,69,70,85,84,62,67,45,65,65
178005,Rui Patrício,85,81,80,82,55,79,11,17,12
177683,Y. Sommer,81,82,83,83,51,80,10,8,13
177388,D. Payet,74,78,85,87,37,69,59,79,76
177358,M. Schneiderlin,68,62,76,77,79,81,71,56,61
176769,Jonas,65,85,75,84,35,65,79,85,87
173771,L. Piszczek,79,69,76,74,81,80,74,67,65
170481,E. Garay,43,64,66,64,84,80,85,49,58
167905,A. Valencia,87,66,75,81,78,85,64,70,58
163587,K. Schmeichel,83,82,82,86,61,80,16,15,12
162240,M. Dembélé,76,72,77,85,75,84,69,73,66
161956,Borja Valero,70,69,85,86,63,65,60,70,67
159147,L. Perrin,68,65,69,67,86,80,80,44,64
158963,L. Biglia,69,63,81,80,75,75,54,78,50
146748,Diego López,77,84,76,80,44,83,10,14,12
146562,Santi Cazorla,65,76,85,85,61,63,58,72,75
142754,J. Mascherano,65,53,71,68,82,77,68,51,42
139869,W. Sneijder,69,78,86,82,38,57,32,80,72
139068,Nani,81,79,81,86,24,64,46,75,75
53302,D. De Rossi,68,64,73,70,81,82,81,74,50
24630,José Reina,80,83,82,82,57,82,13,11,14
20775,Quaresma,83,76,81,88,18,60,41,80,70
20289,Y. Touré,63,82,80,76,70,83,72,68,82
5479,Casillas,86,74,58,85,58,80,25,14,12
230621,G. Donnarumma,88,78,72,88,50,78,12,8,12
222492,L. Sané,94,77,72,86,35,70,72,64,78
219809,T. Bakayoko,73,49,70,77,81,83,72,36,39
219683,C. Tolisso,74,76,78,78,76,83,82,62,75
216594,N. Fekir,80,78,77,87,31,75,49,75,78
216451,J. Seri,80,71,82,81,72,74,60,47,69
215785,K. Baldé Diao,92,76,72,86,29,70,58,68,79
213331,J. Tah,72,27,58,58,82,78,80,24,20
212404,F. Bernardeschi,84,76,77,86,34,65,48,70,73
212188,T. Werner,92,79,65,81,28,65,74,81,86
211575,André Gomes,68,71,78,78,71,81,69,63,68
211300,A. Martial,90,79,71,86,41,74,70,74,81
208808,Q. Promes,89,81,76,83,29,67,60,68,82
208618,Lucas Vázquez,83,73,81,82,43,67,52,54,73
208421,Saúl,73,69,78,81,77,75,83,30,71
207863,Felipe,68,41,59,61,83,81,82,40,39
207664,C. Bacca,77,79,64,79,24,70,76,80,87
207471,F. Vázquez,64,77,80,83,43,76,68,81,75
207410,M. Kovačić,81,69,82,85,61,71,42,76,62
206652,Sergio Rico,79,80,78,83,52,82,11,15,14
206545,Manu Trigueros,73,74,80,81,65,69,76,63,71
205452,A. Rüdiger,74,40,64,63,82,79,78,34,27
204970,F. Thauvin,82,76,78,84,36,63,69,67,74
204639,S. Savić,63,35,52,56,83,74,81,27,34
204525,Iñigo Martínez,71,56,63,61,82,79,78,37,42
204277,Roque Mesa,77,61,76,77,73,80,32,34,67
203551,A. Florenzi,85,79,78,82,76,76,70,87,76
203483,D. Klaassen,73,80,74,74,67,79,74,82,82
202857,K. Bellarabi,92,77,74,85,33,68,48,72,75
202652,R. Sterling,93,71,74,85,46,61,38,59,73
202651,Suso,82,75,81,87,23,51,50,72,70
202477,Deulofeu,93,70,75,88,26,61,40,68,70
202335,E. Dier,72,63,71,65,81,85,83,52,52
201862,M. Rojo,71,59,69,68,81,83,82,49,50
200949,Lucas,93,74,75,86,45,62,50,70,72
200104,H. Son,86,83,75,83,25,66,65,73,83
199845,F. Acerbi,62,50,58,58,85,77,77,39,37
199503,G. Xhaka,50,66,79,72,72,78,62,50,49
198164,Jonathan Viera,81,75,81,86,53,68,41,57,78
197965,Pizzi,79,77,81,83,61,69,45,77,77
195093,Willian José,67,82,65,76,37,77,84,80,84
194794,A. Yarmolenko,81,78,81,83,37,78,69,74,78
193698,O. Baumann,82,82,64,84,49,81,16,11,11
193532,G. Medel,74,48,68,70,81,81,68,61,31
193469,Víctor Ruíz,58,42,64,60,83,81,77,39,37
193348,X. Shaqiri,83,77,78,85,46,65,37,76,72
193082,J. Cuadrado,91,74,75,87,61,65,58,68,67
190483,Douglas Costa,92,77,77,85,32,64,51,73,71
190456,N. Clyne,83,61,71,77,80,76,67,45,54
189560,Iborra,50,73,73,68,83,83,81,66,72
188942,V. Wanyama,64,66,70,74,82,91,73,60,63
188803,Taison,92,79,75,86,47,63,56,82,76
187754,Marlos,83,76,78,87,48,66,53,68,76
187072,L. Stindl,71,84,79,79,65,74,64,86,84
186627,M. Balotelli,80,83,70,79,26,77,66,74,84
186561,A. Ramsey,68,75,79,81,65,75,58,79,72
186153,W. Szczęsny,83,77,74,87,49,78,16,14,12
184484,G. Sigurðsson,66,81,84,79,52,70,60,75,81
184267,Y. Brahimi,80,73,77,89,33,56,46,73,74
184200,M. Arnautović,77,74,79,81,53,81,71,79,73
183711,J. Henderson,72,70,83,76,76,81,65,72,67
183574,M. Kruse,71,84,82,82,39,69,63,80,86
183497,O. Karnezis,80,83,70,84,39,80,24,14,16
183376,L. Fejsa,53,57,66,68,81,85,73,53,49
182494,F. Muslera,81,75,75,85,61,83,12,10,10
181786,V. Ćorluka,58,51,67,66,82,83,83,38,47
181291,G. Wijnaldum,81,75,76,84,66,74,72,73,74
179847,F. Fazio,30,41,54,54,84,81,89,35,41
178509,O. Giroud,53,81,70,73,38,83,90,82,83
178372,B. Ivanović,62,61,68,61,82,83,85,48,57
178224,J. Hernández,79,80,66,78,31,59,82,79,87
177600,Beñat,58,75,84,75,66,74,47,61,69
177457,L. Bender,68,64,73,72,82,79,78,57,59
177413,A. Witsel,71,74,77,82,73,80,77,67,71
176600,K. Gameiro,87,82,75,78,35,68,67,78,84
174543,C. Bravo,80,80,87,81,56,77,18,11,13
172723,A. Begović,81,81,73,82,55,79,12,12,12
171919,Naldo,69,69,63,61,84,73,91,60,57
171833,D. Sturridge,76,82,69,79,25,68,73,75,83
169595,D. Rose,81,63,73,78,81,78,62,64,57
169416,C. Vela,84,79,77,82,25,66,64,84,81
168354,E. Viviano,81,84,79,83,32,78,13,13,17
167431,G. Castro,71,72,83,81,72,68,52,65,69
165239,S. Nasri,78,76,81,84,38,59,42,72,76
163824,A. Williams,65,43,56,61,81,81,78,34,37
163631,L. Baines,70,71,80,79,80,71,74,63,63
163489,A. Consigli,82,83,72,84,40,81,10,19,10
162347,João Moutinho,69,75,81,81,70,72,70,76,74
158121,B. Costil,82,80,78,84,51,82,15,12,14
157481,Raúl Albiol,57,41,57,59,84,76,77,31,27
150724,J. Hart,81,78,75,83,60,80,10,19,14
150418,M. Gómez,72,82,62,73,28,78,83,78,84
146760,Juanfran,82,58,75,77,78,77,59,49,54
144622,Raffael,72,79,80,86,41,67,63,75,81
143745,A. Turan,71,73,81,84,61,72,70,80,71
135507,Fernandinho,73,73,76,78,77,78,55,74,69
113422,David Villa,69,83,74,82,31,69,67,79,86
108080,S. Lichtsteiner,77,59,73,76,80,77,72,62,45
104389,R. Jarstein,78,81,72,85,43,87,16,16,13
231677,M. Rashford,92,77,73,83,38,74,68,72,79
230666,Gabriel Jesus,87,79,71,87,26,67,66,67,83
227928,Nélson Semedo,92,57,68,80,76,71,58,42,50
227055,Gelson Martins,94,70,73,86,44,60,51,74,66
222737,Malcom,83,76,78,84,26,63,57,71,74
222028,J. Weigl,70,50,76,76,76,68,63,55,47
220793,D. Sánchez,71,47,50,59,81,83,81,28,40
217699,I. Slimani,69,77,67,72,47,85,91,78,79
216354,A. Kramarić,73,81,70,84,26,71,69,78,82
216352,M. Brozović,73,73,79,81,68,69,62,65,69
216201,Williams,93,78,73,79,34,79,67,64,78
216194,Dani García,48,58,74,71,73,80,46,52,51
213661,A. Christensen,72,31,62,69,84,72,79,25,36
212622,J. Kimmich,70,67,82,80,77,73,69,61,66
211368,Bruma,93,71,73,86,34,65,52,60,70
210935,D. Berardi,85,80,76,84,30,72,62,78,77
210008,A. Rabiot,70,72,78,78,73,77,75,69,66
209889,R. Guerreiro,77,75,81,84,74,63,61,76,72
208830,J. Vardy,91,79,63,77,51,78,64,73,83
208670,H. Ziyech,76,74,86,78,52,64,53,77,70
207599,M. Keane,72,49,64,68,82,82,84,40,50
205498,Jorginho,75,64,81,80,70,68,56,71,57
203747,Héctor Bellerín,95,51,69,78,75,70,60,41,52
203042,J. Butland,81,83,72,85,41,78,12,12,16
202685,S. Zaza,79,80,59,77,38,83,81,84,82
202371,T. Meunier,76,74,75,77,79,84,72,79,72
201995,Felipe Anderson,92,75,77,86,53,62,44,68,71
201400,Rafinha,74,77,79,85,62,64,55,76,74
200724,Nacho Fernández,76,37,65,63,81,78,80,38,32
199987,J. Cillessen,79,83,74,77,52,81,12,19,10
199564,Sergi Roberto,77,64,80,76,79,72,62,46,64
199451,W. Ben Yedder,83,79,75,85,34,63,74,76,84
199354,Lucas Pérez,81,82,76,80,31,71,68,78,83
199189,R. Barkley,77,73,77,82,55,77,65,61,69
198951,C. Bakambu,87,78,72,80,35,74,71,78,81
198717,W. Zaha,90,71,71,86,33,72,43,59,74
198141,Bartra,77,52,70,73,82,71,82,43,43
197853,S. Aurier,84,66,73,77,78,84,75,50,65
197655,S. Coates,58,40,53,60,81,86,80,55,32
197242,G. Krychowiak,65,58,72,66,79,86,83,40,42
195365,K. Kampl,80,68,77,84,58,62,34,58,65
195086,D. Lovren,56,40,59,63,81,82,77,42,33
193738,Y. Belhanda,75,77,79,84,56,70,67,69,75
193525,Mário Fernandes,84,62,73,76,80,77,73,52,58
193352,R. Rodríguez,74,67,80,76,77,72,64,67,59
193165,J. Corona,83,72,74,88,40,51,67,75,76
192789,Mario Gaspar,81,70,70,73,80,81,64,77,68
192638,Marcos Alonso,77,69,77,77,77,80,70,52,64
192318,M. Götze,68,72,81,88,38,62,49,87,74
190941,L. Hrádecký,79,77,73,85,41,79,11,9,11
190584,Illarramendi,60,66,77,79,77,70,51,58,64
190149,De Marcos,86,62,73,78,74,79,59,57,59
189881,C. Smalling,72,46,56,59,81,83,83,54,50
189461,J. Wilshere,71,69,80,82,62,72,58,64,64
189251,S. Rudy,71,67,80,80,74,67,59,66,63
188988,M. Lanzini,82,71,78,86,28,55,56,61,70
188943,K. Trapp,80,76,77,84,49,83,11,12,13
188388,R. Boudebouz,76,78,83,81,33,62,45,73,78
188005,Camacho,61,60,71,69,80,81,83,52,58
187961,Paulinho,76,74,74,77,77,76,80,75,72
185431,N. Kalinić,73,79,64,75,35,76,80,80,85
184942,Giuliano,81,76,77,82,45,73,59,66,76
183900,D. Perotti,81,71,78,85,32,59,57,60,66
183498,M. Parolo,71,76,76,76,77,81,75,76,70
183483,K. Mitroglou,58,81,64,72,19,83,85,80,82
183285,M. Sakho,61,33,62,56,80,85,74,20,23
183280,A. Rami,53,54,48,58,81,82,79,45,45
181820,S. Jovetić,77,81,75,84,34,67,74,79,80
180216,S. Coleman,73,66,72,78,80,77,67,64,62
179645,S. Kjær,64,55,64,53,81,81,82,37,55
178086,Adán,80,83,72,82,55,81,23,15,11
177326,M. Valbuena,80,75,79,83,29,49,50,76,74
173426,S. Mignolet,80,76,65,84,56,78,16,16,11
173198,D. Astori,68,36,53,60,84,77,77,27,25
172175,K. Mirallas,83,77,77,83,46,65,64,76,77
171897,A. Guardado,76,64,80,82,66,68,55,69,58
171579,Raúl García,57,77,81,76,68,76,90,55,75
166706,M. Škrtel,61,38,51,52,82,81,84,43,35
163705,S. Mandanda,86,78,75,83,48,77,13,13,13
163264,T. Heaton,80,79,76,83,54,80,16,12,12
161648,H. Ben Arfa,76,77,77,86,35,69,53,74,75
158625,Dante,45,52,67,63,82,74,83,44,47
153244,A. Gignac,72,83,72,73,39,82,78,80,86
146954,Gabi,64,73,79,76,75,73,51,64,67
142780,G. Rodríguez,68,47,61,65,83,76,84,22,44
139997,D. Srna,73,75,85,75,78,74,60,72,69
121944,B. Schweinsteiger,39,75,81,73,74,75,78,82,69
116494,C. Carrasso,78,79,81,81,40,79,11,13,13
110677,Moyá,85,78,82,79,39,81,12,13,11
54050,W. Rooney,68,81,81,76,52,81,75,83,80
53612,P. Mertesacker,27,41,55,47,85,70,84,30,36
49370,T. Motta,32,64,76,67,76,82,77,76,54
49369,Fernando Torres,76,78,71,79,25,69,77,81,77
9676,S. Eto'o,74,83,74,79,37,71,75,80,85
223848,S. Milinković-Savić,71,71,73,79,73,83,86,68,69
216393,Y. Tielemans,53,79,80,77,68,71,57,78,73
215792,Jemerson,63,35,51,59,81,75,79,46,28
214997,A. Correa,82,80,66,86,49,59,65,79,82
213296,N. Bentaleb,67,71,77,81,70,72,51,67,62
212831,Alisson,75,76,70,86,39,78,19,20,13
212462,Alex Telles,83,62,77,78,75,74,67,66,52
212194,J. Brandt,81,73,76,84,26,61,42,66,74
211748,K. Demirbay,68,73,79,82,53,71,46,59,72
211320,D. Rugani,61,39,53,64,83,75,80,35,33
210896,M. Sanson,76,75,80,80,74,77,69,70,75
210617,Samu Castillejo,86,67,79,82,37,48,43,58,69
210406,P. Zieliński,83,69,79,83,62,60,52,70,64
210243,Ricardo Pereira,88,62,77,81,77,70,64,53,60
210035,Grimaldo,86,60,72,82,75,72,64,58,50
209297,Fred,82,70,76,82,71,63,55,64,71
208334,J. Hector,77,60,76,75,79,77,73,51,55
208333,E. Can,71,67,77,77,78,84,70,61,60
208093,Gerard Moreno,82,78,65,76,45,65,78,76,81
207993,S. Kolašinac,78,53,61,64,78,89,73,31,42
207439,L. Paredes,72,67,81,79,70,73,60,73,55
206585,Arrizabalaga,78,81,75,83,33,76,17,18,11
206467,A. Pléa,82,80,75,77,41,76,73,81,81
206413,T. Stepanenko,67,61,72,69,79,80,69,56,53
206273,O. Shatov,88,73,76,82,47,68,55,69,73
205976,Leo Baptistao,79,77,69,80,28,64,78,77,79
205362,M. Nastasić,70,31,58,50,82,75,79,32,27
205192,Denis Suárez,79,74,81,84,51,58,44,68,75
204529,M. Batshuayi,79,80,59,77,27,74,73,74,83
204082,J. Brooks,74,39,57,63,81,77,86,32,39
203890,S. Vrsaljko,83,55,73,75,78,78,69,53,44
203888,Eric Botteghin,34,36,48,49,82,83,79,25,25
203775,L. Karius,84,74,74,85,50,76,14,14,18
203486,T. Hazard,81,79,80,85,37,64,38,80,79
203280,V. Germain,78,80,75,79,31,68,79,79,82
201510,L. Kurzawa,77,69,77,78,77,75,76,61,71
201454,F. Ghoulam,80,64,72,75,76,78,70,52,54
200647,J. Iličić,70,82,80,81,35,64,58,80,78
200610,K. Volland,77,81,78,79,39,82,67,76,80
199914,Allan,77,64,75,78,79,81,59,56,62
199827,P. Hernández,71,71,75,78,64,79,53,69,69
199434,D. Tadić,70,67,80,83,37,63,63,73,65
199110,L. Muriel,89,77,68,85,25,72,65,75,80
198950,Pablo Sarabia,76,73,80,83,30,53,61,53,73
198784,A. Oxlade-Chamberlain,88,70,74,84,52,71,39,58,68
198118,J. Guilavogui,70,59,66,67,81,81,78,49,49
196934,O. Özyakup,75,74,83,80,59,69,50,72,68
195861,Y. Rakitskyi,72,68,76,72,81,78,69,53,57
194957,P. Jones,61,56,65,62,80,80,77,60,50
194879,Sergi Enrich,66,77,69,75,42,80,80,82,83
194404,Neto,84,80,74,83,51,74,14,12,15
194229,Hugo Mallo,74,40,70,74,77,76,63,28,28
193886,D. Didavi,77,81,76,81,52,72,58,73,79
193361,R. Soriano,77,77,80,81,63,73,65,75,76
193130,A. Schürrle,83,82,74,80,38,70,63,82,80
193116,M. Gonalons,66,61,69,69,80,81,75,60,55
193105,A. Areola,82,78,70,84,53,75,14,16,19
193061,R. Pereyra,78,68,80,81,66,68,60,74,63
192641,K. Vogt,76,57,69,67,79,80,78,51,50
192492,F. Orellana,80,73,76,83,32,50,69,61,75
192086,A. Kokorin,84,77,71,81,44,72,74,71,80
191687,Maicon,63,55,65,54,81,83,83,29,40
190972,E. Salvio,87,74,74,80,44,70,67,71,76
190815,D. Blind,60,56,79,76,80,76,71,62,46
190813,S. El Shaarawy,87,75,70,84,31,58,51,77,75
190717,M. Antonio,85,74,70,81,52,82,88,69,74
190264,Iago Falqué,79,72,78,84,35,57,53,69,75
189574,Iturraspe,59,64,75,70,79,73,78,47,61
189250,S. Rondón,75,77,56,74,31,80,88,73,77
189156,Daniel Carriço,57,53,68,63,80,78,79,47,48
188802,M. Schmelzer,80,51,69,66,79,79,73,47,37
188253,J. McCarthy,70,60,75,74,77,81,63,61,55
187735,A. Dzagoev,77,74,78,78,71,70,67,73,73
187688,Ganso,35,75,85,81,38,63,65,75,72
187491,F. Smolov,87,80,70,76,32,73,70,79,82
186146,D. Welbeck,84,74,71,79,37,78,75,76,75
185221,Luiz Gustavo,64,59,68,69,80,80,73,54,46
185132,Mikel San José,43,70,70,70,79,78,82,70,69
184392,M. Darmian,77,58,69,75,80,73,68,59,55
184190,R. Thomas,54,34,58,47,80,76,80,18,22
184111,C. Benteke,73,78,65,73,33,80,87,73,79
183909,I. Traoré,88,72,77,84,39,56,44,75,66
182002,Sidnei,51,50,59,68,80,81,74,43,46
178416,J. Lens,89,76,76,81,32,71,63,85,75
178311,Eder,85,80,73,83,25,63,60,76,81
177644,Kiko Casilla,75,83,80,77,41,82,13,23,14
177604,Nacho Monreal,76,53,72,75,80,74,67,56,39
177458,S. Bender,70,51,61,60,82,80,75,54,39
176915,A. Fernández,69,70,77,79,68,75,59,57,69
176733,M. Berg,75,79,63,74,29,71,77,74,82
176376,I. Piatti,77,81,73,85,52,74,34,77,81
176104,V. Birsa,75,73,80,82,49,72,60,73,62
175379,Pedro León,67,76,83,82,40,62,36,68,74
173909,K. Boateng,73,77,77,79,67,78,74,83,75
173521,Marcano,68,45,59,59,81,78,83,34,41
173432,H. Moreno,66,49,65,62,81,75,84,55,43
173373,S. Romero,78,76,81,82,45,78,12,17,14
173221,A. Candreva,78,80,77,81,56,71,55,75,74
173208,D. Criscito,77,61,75,72,78,79,69,62,56
172522,D. Wass,75,73,80,79,66,71,67,69,69
170370,J. dos Santos,66,68,82,81,59,67,57,73,62
170368,E. Lamela,76,77,79,82,45,67,71,77,73
169705,R. Bertrand,79,53,71,77,79,75,69,43,50
169195,Renato Augusto,67,73,80,82,66,70,57,77,65
168530,Jardel,60,42,52,51,81,82,84,27,38
167553,V. Denisov,83,51,67,71,79,79,66,57,40
167514,D. Basta,76,67,71,76,80,76,72,64,58
165536,G. Cabral,42,31,56,56,81,78,81,28,22
165526,G. Paletta,51,33,42,54,83,82,76,30,16
164859,T. Walcott,91,75,72,80,38,66,58,72,77
164835,L. Fabiański,77,84,70,84,48,78,11,17,13
163155,B. Foster,79,79,73,84,49,77,14,14,18
162369,V. Ibišević,53,80,68,72,31,76,83,84,85
162329,K. El Ahmadi,65,62,74,76,72,78,60,65,54
158232,S. Kalou,68,78,73,85,33,62,76,78,83
157960,Manuel Fernandes,79,76,79,83,66,71,59,69,71
156713,A. Granqvist,48,58,59,55,82,78,81,37,51
150516,L. Podolski,78,84,75,77,39,74,65,89,82
146460,Javi Fuego,56,60,72,67,78,78,60,53,54
143587,F. Belluschi,70,75,81,79,59,69,58,75,69
140293,A. Mirante,82,80,64,82,43,78,13,15,17
139968,V. Enyeama,76,78,73,86,51,77,10,11,19
139668,F. Marchetti,80,78,66,84,52,78,12,12,17
138449,Kaká,62,76,79,78,30,58,52,84,74
138412,J. Milner,67,74,82,77,76,78,69,76,66
134744,A. Hutchinson,69,65,75,75,77,79,75,63,63
124635,M. Topal,68,66,67,73,82,80,76,54,58
112316,J. Mathieu,72,62,67,60,81,83,80,61,51
111661,C. Kameni,84,82,74,80,45,76,13,13,11
53914,P. Jagielka,50,46,58,55,82,78,79,44,30
50542,J. Defoe,74,85,61,79,25,65,66,82,87
48717,Júlio César,83,77,62,81,41,77,18,11,12
21146,M. Carrick,44,65,81,72,75,66,71,67,59
230977,M. Almirón,89,74,75,81,56,61,43,75,73
230142,Oyarzabal,73,73,76,80,33,57,44,64,75
227476,Soares,85,76,59,75,43,85,77,73,80
225647,M. Campaña,82,75,72,82,44,78,13,12,16
225018,F. Andone,78,78,62,75,45,80,76,77,79
224334,M. Acuña,84,72,78,80,57,76,55,68,67
221660,V. Lindelöf,70,48,62,61,79,79,78,34,36
221130,Y. Cardinale,78,75,75,82,46,80,16,20,14
220440,C. Lenglet,73,34,55,64,78,77,70,24,23
218339,M. Dahoud,73,65,77,81,62,67,42,49,60
216150,D. Zappacosta,82,66,70,75,75,76,68,68,60
215466,N. Maksimović,65,28,47,54,82,79,82,28,22
215259,E. Rigoni,86,73,76,79,43,61,46,71,75
215057,I. Marcone,49,58,70,68,76,80,73,49,48
213345,K. Coman,92,75,72,82,19,58,52,77,75
213150,S. Kritsyuk,78,79,73,81,48,76,17,12,19
212886,W. Cyprien,79,75,77,80,73,81,67,60,74
212602,Diego Llorente,61,40,62,61,80,72,77,31,39
212523,Anderson Talisca,75,82,78,77,59,71,78,76,80
212501,L. Dendoncker,68,71,76,69,77,83,79,71,66
212150,M. Meyer,72,62,77,84,35,53,37,60,68
211688,Gayà,86,58,75,77,75,68,60,59,56
211381,S. Boufal,82,71,73,86,36,43,35,70,72
211354,M. Benassi,68,70,76,77,72,77,72,70,63
211256,N. Tagliafico,88,55,66,76,78,72,76,33,57
210864,E. Hysaj,81,51,66,73,77,75,66,40,47
210514,João Cancelo,92,65,75,80,73,71,64,55,59
210413,A. Romagnoli,66,34,52,63,81,76,76,24,20
208777,Óliver Torres,71,68,78,84,58,52,52,60,70
208128,H. Çalhanoğlu,69,80,81,78,41,56,53,77,74
207948,B. Traoré,88,69,72,85,37,67,59,75,68
207441,L. Vietto,75,78,72,85,36,62,69,81,82
206511,M. Arnold,67,80,74,77,66,69,54,85,77
206113,S. Gnabry,90,76,71,83,43,67,46,80,74
205988,L. Shaw,82,51,71,77,76,76,65,58,44
205923,B. Davies,76,56,72,74,78,76,66,37,57
205678,E. Višća,89,79,71,82,37,58,45,73,80
205525,Bernard,89,70,75,84,40,45,59,68,71
205407,D. Baselli,70,73,79,80,63,70,64,73,67
205175,A. Milik,73,83,62,72,37,71,75,76,86
205069,Bernat,79,60,74,84,76,66,53,59,57
204638,W. Orban,54,34,52,58,79,78,83,33,34
204523,Rubén Pardo,67,68,78,79,61,60,48,42,66
204311,K. Zouma,67,50,58,55,79,83,77,47,47
204024,C. Kramer,53,47,69,73,76,76,58,49,45
203757,Zé Luís,81,74,59,78,28,78,84,75,75
203574,J. Stones,71,35,67,71,80,77,77,27,29
202642,Fernando,73,65,75,67,77,75,62,45,63
202556,M. Depay,88,77,72,82,30,77,55,69,72
201988,F. Fernández,48,28,51,50,81,76,80,21,26
201956,S. Sané,65,48,62,66,78,81,88,26,36
201858,N. Sansone,83,80,73,83,35,67,65,73,80
201533,P. Ntep,89,74,73,83,26,72,43,74,72
201377,J. Murillo,75,40,56,63,80,78,77,44,37
201305,Gabriel Paulista,67,49,65,63,81,76,77,48,42
201262,V. Darida,69,74,79,81,63,62,41,65,72
201118,Cédric,82,67,72,76,76,72,65,68,57
201049,L. Tonelli,74,31,44,59,82,75,76,33,25
201046,R. Saponara,75,67,79,81,33,66,58,64,64
201042,D. Sidibé,80,67,74,75,76,79,66,42,70
200641,Y. Konoplyanka,86,76,76,82,30,58,49,67,76
200458,L. Digne,80,61,75,75,75,75,64,45,52
200454,Paco Alcácer,73,78,62,76,30,63,77,82,81
199977,Vicente Gómez,46,62,74,71,75,71,74,48,65
199952,E. Çolak,73,75,78,82,44,48,65,70,75
199852,N. Jørgensen,77,78,71,76,37,77,72,74,79
199602,J. Guidetti,67,81,65,76,30,75,71,79,80
199576,Oriol Romeu,57,39,65,64,78,85,67,35,25
199561,Nolito,72,78,76,80,39,67,45,65,79
199550,B. Martins Indi,57,42,59,57,79,81,75,32,38
198683,M. Gabbiadini,74,81,71,78,25,70,71,72,82
198077,P. Herrmann,87,75,74,81,35,59,54,74,75
197948,F. Lejeune,49,57,59,60,78,85,75,42,50
195363,J. Bruma,65,53,63,59,78,82,81,34,38
194911,Adrián,81,76,69,83,45,75,15,12,16
194174,Keko,79,69,78,81,43,64,34,70,69
193887,H. Pérez,82,74,73,80,29,72,54,64,70
193171,Jaume Costa,84,59,71,74,76,72,66,38,53
192679,Escudero,75,56,73,71,76,73,68,47,42
192565,Y. Mallı,76,71,78,82,34,59,40,69,75
191210,S. Corchia,77,65,75,76,77,72,70,58,58
190875,J. Kucka,69,73,74,76,77,89,77,68,65
190778,J. Zoet,80,76,77,82,50,78,19,19,12
190544,A. Ljajić,80,74,76,85,32,62,48,74,72
190286,Canales,63,71,80,78,26,50,38,63,75
190243,M. Hitz,82,75,73,82,44,79,18,26,27
190223,Balenziaga,75,49,71,71,78,77,70,50,41
189963,W. Bony,66,80,59,72,39,81,82,76,80
189575,Muniain,81,70,73,84,43,51,43,63,73
189433,B. Hübner,55,31,51,59,82,73,83,45,20
189271,F. Coquelin,66,52,67,75,78,80,60,43,41
189169,Jonathas,75,79,58,72,31,80,78,74,80
188955,G. Bou,76,78,69,78,30,73,74,74,80
188524,V. Babacan,80,77,68,80,56,81,16,14,15
188428,S. Doumbia,91,77,67,77,39,73,74,77,77
187457,C. Noboa,73,71,78,77,75,76,72,63,65
187347,I. Smolnikov,87,61,74,73,75,75,69,57,61
187324,Maurício,69,47,54,54,79,79,78,51,42
186307,M. Fabián,72,78,77,82,36,68,61,77,77
186148,R. Zieler,74,80,70,81,48,77,13,12,10
186132,D. Drinkwater,68,67,76,77,74,77,61,70,60
185103,A. Kolarov,66,69,78,75,79,78,80,64,55
184949,Mariano,82,64,75,75,73,75,66,58,54
184881,S. Feghouli,86,71,72,83,32,61,60,68,68
184477,K. Papadopoulos,62,42,49,48,78,83,90,44,24
184069,S. Wagner,60,80,50,66,30,83,88,75,83
183899,P. Piatti,85,71,76,81,42,56,71,72,76
183893,C. Yacob,43,59,66,69,78,75,78,23,58
183855,A. Ogbonna,70,40,58,60,81,76,77,30,25
183666,Roberto,80,72,76,82,47,78,19,13,14
183108,N. Amrabat,81,75,76,82,57,72,68,73,74
181402,W. Vainqueur,70,57,69,72,75,82,62,56,50
180334,Marcelo,66,48,57,61,79,82,82,42,44
178424,Antunes,80,69,74,75,76,74,57,69,56
177723,Fabricio,78,80,79,79,61,77,14,13,14
177578,S. Prödl,37,36,50,40,80,81,87,22,34
177519,S. Tasci,66,41,64,66,79,69,82,50,33
177159,F. Johnson,87,67,76,78,70,70,60,66,70
176993,Bojan,76,72,76,78,25,47,42,79,70
176944,M. Fellaini,52,72,70,73,76,89,91,71,72
176731,P. Wernbloom,56,67,67,67,80,85,87,46,60
176571,A. Ayew,75,74,75,79,56,77,76,65,73
176550,D. Ospina,83,71,78,84,34,77,15,12,10
176285,W. Reid,69,52,49,50,80,81,81,30,46
176266,Lucas Leiva,45,39,69,71,78,74,65,47,23
173474,Z. Junuzović,78,74,80,81,67,74,58,82,68
173306,C. Ansaldi,80,59,75,79,76,76,63,51,57
172962,V. Moses,83,71,72,82,70,74,69,63,70
172316,Coke,75,63,70,74,79,73,83,43,62
172290,D. Zurutuza,68,72,76,78,71,72,65,55,76
172114,D. Valeri,62,81,79,77,36,65,68,74,79
171791,José Fonte,43,35,52,60,79,77,76,34,40
170797,N. Şahin,54,67,83,80,72,68,65,80,61
170733,Gervinho,92,69,70,81,28,63,63,70,72
169596,R. Shawcross,49,44,52,50,80,84,83,35,53
169588,J. Evans,65,32,59,52,80,74,81,46,28
168435,S. Sirigu,79,76,73,80,51,77,11,12,10
168320,A. Gyan,77,78,70,75,31,74,73,80,81
167943,Y. Cabaye,63,73,78,75,73,71,67,73,69
166072,Danilo,51,39,49,52,84,69,72,22,23
165501,N. Pareja,38,60,70,65,79,69,80,49,51
165109,S. Radu,72,64,65,68,84,74,70,51,55
160741,D. Abraham,80,56,61,52,79,77,78,65,46
159240,M. Krohn-Dehli,67,75,82,78,64,66,50,53,76
159171,Jurado,70,76,80,81,29,56,47,69,77
159145,B. Gomis,68,80,65,72,41,71,81,79,80
156519,H. Herrera,74,70,71,74,73,79,59,59,64
148711,Luisão,33,50,55,51,80,77,82,51,45
148122,V. Berezutskiy,52,39,67,46,82,75,78,39,23
148119,I. Akinfeev,77,72,78,83,50,82,18,10,13
147782,I. Denisov,66,65,73,75,77,73,59,60,63
147621,A. Samedov,80,74,79,76,50,72,59,61,74
146482,Xabi Prieto,48,75,84,75,46,58,75,61,74
146439,Negredo,63,80,66,71,39,79,83,80,80
142902,A. Pyatov,75,75,82,82,44,81,10,12,9
142784,P. Zabaleta,61,56,70,73,81,78,75,53,49
140233,G. Ochoa,76,69,78,87,49,78,19,16,12
139062,W. Caballero,80,76,73,81,46,78,22,13,11
137809,Vágner Love,74,79,63,78,34,75,78,72,81
137677,M. Vorm,78,76,72,82,55,75,17,12,14
137351,D. Baier,56,55,79,77,74,70,52,58,52
135451,Gomes,81,75,60,85,51,77,14,13,15
121933,R. Adler,78,77,70,80,41,80,10,18,14
52091,P. Evra,69,51,71,75,79,72,80,53,33
49031,S. Sorrentino,80,80,65,80,37,82,10,18,10
45186,Joaquín,68,74,81,82,38,56,56,68,74
8473,T. Rosický,73,70,79,82,43,63,46,67,65
6826,G. Barry,32,65,79,68,78,76,74,65,56
80,E. Belözoğlu,47,73,85,76,62,69,43,69,68
229909,A. Lunev,78,73,65,85,56,77,17,13,14
228941,André Silva,81,74,62,77,44,78,77,74,75
228687,K. Dolberg,76,79,61,77,26,69,69,75,78
227950,Yeray,68,49,57,62,77,75,76,55,41
227796,C. Pulisic,91,68,70,84,33,56,49,70,71
227234,L. Tousart,69,55,68,71,76,84,73,43,42
226753,A. Onana,83,77,84,77,63,70,20,13,12
225199,V. Koziello,76,65,76,79,73,72,49,63,66
225028,N. Radoja,50,68,67,70,76,74,51,32,73
223874,V. Rongier,61,70,74,80,73,59,41,73,65
223627,O. Al Soma,73,79,68,73,40,79,77,67,80
223061,F. Cervi,89,68,70,83,44,54,48,55,72
223033,Jorge Meré,68,30,51,53,80,71,80,33,22
222943,Jony,84,72,76,77,46,66,44,56,75
222558,R. Karsdorp,87,63,72,74,73,78,69,66,53
222509,Dani Ceballos,68,61,76,81,70,64,37,57,62
221992,H. Lozano,93,72,71,81,34,61,56,71,72
221540,Raúl,50,55,56,56,77,83,80,48,50
221087,Pau López,76,77,75,77,49,79,15,17,19
219985,M. Vecino,68,67,74,74,71,77,60,62,60
219932,A. Sanabria,80,75,68,81,25,66,69,67,80
219576,R. Battaglia,66,71,70,75,77,84,68,64,65
219411,J. Izquierdo,93,73,67,82,27,62,60,54,71
217877,T. Bongonda,83,70,73,81,27,51,39,58,69
216778,Rúben Semedo,72,52,51,64,78,82,75,51,43
216547,Rafa,92,66,71,83,35,45,46,64,65
216497,M. Philipp,80,78,70,81,33,64,56,78,78
216475,Morales,88,75,71,80,51,60,54,61,75
216189,Capa,86,63,69,76,72,84,61,52,56
216065,M. Sportiello,80,76,68,81,43,77,18,12,18
215353,L. Alario,72,76,59,75,30,78,81,72,83
215333,D. Zapata,73,77,52,72,27,78,78,76,81
215061,D. Benedetto,81,79,65,74,31,72,75,71,80
215051,L. López,66,51,50,63,78,79,80,50,48
214977,M. Kranevitter,71,49,69,72,77,77,56,43,42
213582,A. Ruiz,62,81,80,83,34,68,63,83,77
213400,D. Laxalt,88,64,73,77,50,69,43,49,64
213135,D. Origi,83,76,68,75,31,77,73,70,79
212977,N. Stark,77,54,66,67,79,77,80,48,50
212911,Hernâni,91,69,70,80,22,59,55,68,68
212230,Iuri Medeiros,79,75,78,82,29,56,45,73,73
212198,Bruno Fernandes,78,73,78,80,63,70,58,78,65
212153,R. Gagliardini,70,64,73,75,75,74,76,69,55
211119,Pedro Santos,87,73,73,80,31,57,62,64,73
210930,Carles Gil,70,69,78,80,39,55,34,71,72
210679,Paulo Oliveira,68,35,50,61,79,79,77,36,25
210333,A. Szymanowski,88,72,72,78,39,62,67,66,77
210282,Bruno Peres,91,67,71,80,73,75,60,73,53
209997,K. Wimmer,57,27,61,64,79,75,76,27,21
209989,T. Partey,77,63,69,75,75,81,66,53,60
209307,Tiago Volpi,83,69,62,82,58,77,13,20,14
208574,F. Kostić,88,68,72,81,32,72,48,68,64
208450,Andreas Pereira,77,71,77,82,62,69,59,76,68
208230,A. Samaris,60,65,69,70,78,84,78,55,58
208135,A. Doucouré,66,71,73,76,74,81,66,67,70
207939,G. Pizarro,60,62,71,69,74,84,60,62,59
207877,J. Martínez,89,74,63,82,26,73,72,69,79
207862,M. Ginter,64,59,71,64,78,75,83,53,51
207494,J. Lingard,83,74,72,81,51,67,61,64,72
206591,M. Weiser,84,62,75,84,72,70,65,59,63
206225,D. Cheryshev,80,74,75,79,56,67,54,68,74
206222,Bigas,72,52,60,55,78,76,80,44,49
206198,D. Heintz,62,30,64,52,79,77,79,26,23
205633,L. Castro,78,67,78,80,65,68,58,67,58
205569,J. Ward-Prowse,66,66,84,75,61,67,57,51,61
205114,T. Inui,83,69,73,86,37,58,41,62,68
204923,M. Sabitzer,83,78,71,78,32,76,52,74,77
204884,B. Mendy,82,48,70,75,74,79,64,20,33
204838,R. Jiménez,76,76,69,74,39,80,82,80,75
204819,E. Sala,62,77,64,73,47,83,79,75,79
204240,B. Reynet,77,76,74,81,43,77,14,19,17
204077,M. Niang,89,75,69,82,26,67,64,72,70
203980,K. Fortounis,75,74,76,79,38,65,57,71,72
203895,Pozuelo,59,67,76,79,50,57,39,62,64
203627,Joãozinho,90,74,75,79,56,51,63,68,74
203605,P. Kadeřábek,81,58,72,74,73,78,69,57,56
203535,T. Vilhena,73,68,76,78,68,80,60,68,62
203362,M. Elyounoussi,85,71,76,80,39,65,65,74,69
203106,L. Bittencourt,84,65,75,82,53,62,45,66,65
202849,J. Vestergaard,46,49,59,49,79,81,86,39,34
202648,Sergi Darder,55,63,76,78,64,66,50,54,56
202325,D. Demme,60,38,74,75,70,76,55,48,21
201878,V. Eysseric,72,77,79,78,38,65,52,72,77
201508,G. Ramírez,71,75,76,80,39,62,57,71,74
201505,David López,60,66,66,66,78,81,70,56,65
201455,G. Kondogbia,71,68,71,77,75,81,72,46,63
201325,C. Tătăruşanu,76,75,74,79,48,79,15,11,15
201144,M. Badelj,59,63,77,73,75,74,66,66,54
201143,A. Mandi,68,46,73,69,78,72,83,36,41
201119,Ismaily,82,66,71,74,74,76,57,55,60
201095,A. Marchesín,73,75,74,81,51,80,11,15,14
201013,L. Teodorczyk,70,77,63,68,26,80,84,76,82
200798,Marafona,80,73,66,81,37,77,13,19,18
200726,B. Lecomte,78,74,79,80,42,76,10,10,11
200529,N. Chadli,76,77,75,78,45,76,67,73,76
200318,M. Uth,75,80,69,76,33,67,69,72,79
200215,S. Rode,68,62,70,73,77,80,66,55,55
199767,M. van Ginkel,71,76,75,75,65,77,72,72,78
199626,André André,71,72,75,78,69,68,64,64,69
199304,Danilo,78,70,71,74,76,79,68,72,61
199069,V. Aboubakar,80,75,69,78,27,80,77,70,74
199042,C. Aránguiz,75,71,80,77,61,70,53,68,64
198706,Luis Alberto,68,73,78,78,27,55,45,58,73
198614,Raúl Navas,53,45,59,46,79,70,79,44,36
198584,K. Mbodj,69,56,52,63,76,88,81,63,45
198329,Rodrigo,91,75,70,79,33,68,72,74,74
198140,R. Funes Mori,77,76,68,75,50,79,77,72,82
197225,N. Lodeiro,71,70,78,79,43,69,42,70,65
197083,D. Caligiuri,78,72,74,80,53,69,56,68,69
196889,S. Verdi,88,66,76,85,35,55,42,74,56
196432,E. Pérez,70,70,75,74,75,80,58,58,66
196150,T. Gutiérrez,65,78,74,79,26,74,73,75,80
195671,C. Austin,65,79,56,68,40,76,81,72,82
194996,Borja Bastón,62,78,59,71,29,75,77,80,78
194932,A. Townsend,85,75,73,80,33,63,52,59,72
194845,W. Khazri,76,79,76,79,43,68,52,65,77
193601,G. Pezzella,47,51,46,53,78,75,83,32,53
193584,G. Burgstaller,73,78,65,73,29,83,73,74,80
193283,T. Delaney,73,72,75,74,74,81,75,66,72
192991,C. Tosun,73,78,66,75,30,77,82,76,78
192984,K. Casteels,80,69,74,82,45,75,14,13,15
192841,E. Giaccherini,78,70,76,82,62,62,58,74,66
192722,R. Hamouma,78,78,77,79,43,65,63,75,79
192620,H. Badstuber,46,51,73,52,79,69,80,49,35
192557,M. Plattenhardt,77,55,77,75,74,71,58,54,43
192476,Fontàs,31,48,67,61,79,67,73,46,45
191032,G. Töre,84,69,75,83,36,73,59,70,66
190799,C. Borges,61,77,73,72,76,74,68,72,75
190531,E. Mangala,70,42,55,51,78,85,80,44,27
190507,Etxeita,52,35,48,56,78,81,75,38,29
189682,B. Mee,66,37,58,65,77,82,77,29,27
189681,Rafael,81,59,72,78,75,78,62,59,49
189606,J. Baumgartlinger,71,49,68,68,76,83,69,50,39
189506,Victor Sánchez,64,63,79,72,79,68,68,51,57
189423,Souza,70,68,71,72,77,82,77,44,65
189354,Susaeta,75,71,82,78,28,64,52,62,69
189296,E. Berisha,79,76,67,81,28,78,12,11,13
189157,Y. Bolasie,87,68,68,84,31,78,51,51,64
188879,A. N'Diaye,72,54,64,67,76,86,55,31,46
188840,Miguel Lopes,77,50,72,73,74,79,65,55,40
188829,N. Nkoulou,70,44,65,68,77,74,74,64,33
188427,S. Lulić,77,72,77,78,73,78,70,65,66
188268,L. Acosta,93,72,70,81,33,56,55,71,72
188135,Juanfran,79,67,70,74,74,76,69,53,57
188103,Rochina,73,75,76,78,42,72,54,68,70
187736,P. Mamaev,78,74,73,79,67,66,60,66,74
187702,O. El Kaddouri,74,71,77,78,54,72,71,70,63
187607,A. Dzyuba,65,75,66,69,29,84,88,72,77
187366,D. Glushakov,69,76,73,75,76,74,68,65,73
187052,Y. M'Vila,75,60,74,73,74,78,61,56,56
186832,K. Asamoah,77,68,77,82,75,74,64,76,55
186805,J. Montero,90,68,73,82,31,65,50,64,65
186581,K. Honda,76,71,81,82,48,66,72,72,60
186345,K. Trippier,77,56,77,75,76,75,70,44,45
186302,E. Hernández,75,73,76,80,50,58,49,72,73
186115,K. Gibbs,79,55,70,74,77,72,68,47,47
184134,Fernando,64,61,68,68,79,82,70,41,54
183871,N. Müller,87,72,70,81,45,66,56,80,75
183568,S. Langkamp,60,29,48,43,80,75,84,22,22
183394,M. Sissoko,77,74,75,76,72,85,70,67,72
183332,F. Bartels,86,73,73,82,40,61,44,65,76
183249,R. Bobadilla,73,77,70,78,37,86,74,76,77
183125,T. Deeney,65,81,65,69,35,85,82,78,80
182879,B. Dzsudzsák,77,77,78,78,28,63,42,73,72
182862,M. Pereira,73,62,71,76,76,75,62,57,57
182836,A. Carroll,62,78,61,68,49,85,91,74,77
182744,J. Holebas,80,67,70,74,76,82,74,50,57
181262,M. Suchý,63,52,58,64,78,79,77,43,48
180826,Luiz Adriano,78,78,64,77,30,66,76,78,82
180714,Guilherme,82,73,70,78,39,77,13,13,11
180283,Ki Sung Yueng,65,74,81,75,63,70,71,55,72
178625,Mosquera,56,59,75,70,70,75,65,51,58
178322,M. Layún,78,72,75,75,74,71,63,66,67
178160,T. Mangani,63,71,76,73,73,74,68,67,66
178085,Granero,57,72,82,77,65,63,59,58,69
178031,P. Baysse,65,46,66,64,78,80,82,29,40
178007,Miguel Veloso,61,70,82,75,71,72,67,70,61
177983,C. Zapata,66,32,46,56,81,79,76,22,22
176930,M. Díaz,61,66,78,76,74,74,63,66,52
176919,N. Guzmán,77,76,65,80,52,78,15,12,10
176619,A. Ramos,80,74,65,74,37,72,86,73,78
175895,V. Odjidja-Ofoe,65,72,78,73,68,79,68,66,69
174549,M. Fernández,75,70,78,82,56,59,50,70,62
172049,E. Elia,90,71,69,85,31,67,50,70,67
170815,S. Defour,69,71,78,77,74,74,62,68,67
170369,G. dos Santos,86,76,73,82,29,53,61,75,76
169706,J. Cork,59,62,75,74,76,79,73,60,60
147660,S. Ryzhikov,76,77,68,82,37,76,12,14,13
153296,Y. Gourcuff,65,70,79,81,53,72,71,70,64
124375,B. Yılmaz,82,81,65,67,31,76,72,77,82
161754,Javi García,65,63,67,68,77,81,86,59,59
169181,K. Vermeer,80,70,70,82,59,78,16,11,13
155887,M. Bradley,68,68,78,76,71,81,64,71,61
164082,Adriano,75,71,77,81,75,72,65,53,59
155897,C. Dempsey,65,78,71,77,37,71,77,75,79
160000,H. Briceldo,82,76,58,70,33,75,77,76,74
185090,B. Moukandjo,91,76,68,78,29,64,68,72,80
195586,A. Finnbogason,68,80,62,74,32,72,62,79,81
197891,Juanmi,79,76,67,80,30,55,73,74,80
220932,L. Kalinić,81,73,58,80,35,74,15,15,12
183556,N. Subotić,59,45,50,44,80,76,84,32,29
200197,N. Blandi,66,78,59,70,38,64,80,77,82
210950,P. De Blasis,80,72,71,83,39,62,71,60,71
188166,M. Phillips,87,71,69,78,35,71,54,45,69
193290,M. Braithwaite,84,75,73,77,34,78,66,73,77
231691,A. Lafont,78,77,71,79,46,76,13,9,6
192012,D. Reyes,65,45,62,70,78,68,79,37,44
146701,Iván Ramis,38,61,63,58,77,83,72,59,54
161805,V. Behrami,63,64,72,71,74,79,68,69,56
205070,Portu,83,74,72,78,61,73,72,69,76
156432,G. Hoarau,53,77,69,68,48,76,81,75,82
52752,T. Barnetta,72,69,77,79,56,64,56,69,64
183569,E. Choupo-Moting,77,73,68,83,36,72,74,75,75
202515,Jesé,83,71,73,81,24,56,42,55,71
146963,J. Pinola,70,50,66,68,75,77,67,46,38
205590,Luís Hernández,72,50,66,66,78,76,69,53,37
210455,Jonny,77,42,64,69,77,76,62,44,28
181271,B. Dočkal,67,73,80,76,47,60,57,72,69
230168,Raphaelito Anjos,77,75,74,76,42,76,11,8,8
184089,M. Carcela-González,83,71,71,84,33,55,35,70,72
205850,L. Pavoletti,67,76,49,68,27,76,82,80,83
230938,F. Kessié,75,68,71,76,73,84,68,56,67
45595,D. Bonera,34,38,52,46,80,68,74,19,23
205340,Marcelo,70,28,49,52,78,73,80,28,24
229148,Dalbert,91,62,71,78,72,72,60,52,59
109852,G. McAuley,33,43,50,42,79,76,85,23,50
216349,A. Halilović,76,64,77,80,28,44,24,64,61
225309,N. Amiri,73,67,76,82,51,60,42,65,65
185373,I. Popov,79,73,74,75,48,70,66,66,72
139038,N. Burdisso,61,29,46,47,79,73,80,19,34
149791,W. Hoolahan,62,69,77,81,40,51,43,62,67
230431,Sidney Pessinho,72,62,74,69,75,81,62,45,56
194079,A. Potuk,86,68,73,81,49,68,62,54,66
198688,F. Pogba,66,45,61,56,76,85,73,45,21
173857,M. Andújar,77,76,64,78,45,79,10,11,11
232226,D. Boyko,77,69,68,83,48,74,18,7,18
203299,A. Carrillo,84,73,71,79,32,67,70,74,71
172835,M. Andreolli,56,28,40,53,80,71,76,23,16
200228,Bruno,37,33,48,45,78,81,77,23,23
212772,O. Duarte,65,31,52,53,78,72,77,32,26
224293,Rúben Neves,66,68,78,73,72,71,61,68,62
210214,Jozabed,66,72,72,74,66,65,64,54,73
215079,P. Pérez,71,63,75,74,70,80,58,39,61
230183,Gazzolisco,82,67,71,71,75,86,77,71,54
209960,Pacheco,77,73,63,76,46,80,10,13,16
160040,M. Gamonales,80,71,71,76,72,74,60,71,69
230184,Ronaldo Esler,87,58,68,76,71,54,60,55,45
226601,Vitor Hugo,68,31,36,45,79,76,83,33,26
190761,T. Arslan,74,71,77,80,62,70,58,68,64
144429,O. Wendt,78,63,76,74,74,70,63,50,56
219693,Diego Carlos,70,44,54,63,76,78,77,34,26
201519,J. Veretout,66,74,77,75,65,71,53,70,73
196143,D. Pabón,88,79,71,78,41,81,51,77,77
200752,Juan Jesus,79,33,53,60,77,83,74,17,20
207920,E. Durm,83,53,65,68,73,72,63,43,50
197681,G. Imbula,72,61,73,80,62,72,62,28,51
189234,M. Risse,80,77,74,76,67,67,52,68,73
204341,Luís Neto,58,37,59,53,80,69,82,40,33
176949,B. Ruíz,65,71,77,82,44,56,75,79,65
198198,Jordi Amat,68,48,53,57,76,76,74,28,34
205878,S. Kapino,79,68,66,82,42,77,12,19,13
175671,J. Ďurica,33,45,60,58,79,77,81,40,30
198200,B. Stambouli,65,56,66,70,76,77,68,40,50
214584,F. Armani,76,73,67,79,32,78,11,15,11
179768,C. Kaboré,71,61,70,69,75,80,69,31,53
181816,A. Rukavina,74,48,69,68,76,72,63,49,36
225850,P. Kimpembe,69,35,51,64,78,75,69,28,31
198715,Sergio León,76,78,56,76,34,69,71,77,82
213051,M. Elneny,60,61,73,70,72,78,57,39,57
214332,D. Torres,58,61,70,71,72,80,61,48,55
194365,S. Okazaki,74,74,69,78,47,75,74,76,74
150590,C. Jallet,71,64,76,73,76,73,71,70,57
190014,Y. Salibur,87,74,71,77,40,64,58,62,73
198719,N. Redmond,87,69,70,82,24,52,33,55,69
157503,A. Song,66,56,68,73,74,77,68,52,55
172610,Castán,63,33,47,57,78,71,77,22,21
148803,K. Huntelaar,55,77,64,68,31,72,78,81,80
200260,S. Berghuis,78,77,73,79,37,61,50,68,76
189508,Víctor Vázquez,52,69,79,77,43,60,38,69,66
204614,Mário Rui,86,49,70,74,72,69,60,53,27
193862,André Pinto,50,45,54,49,79,80,78,36,34
179527,L. Rémy,76,76,65,73,33,69,76,70,78
221000,Badou Ndiaye,85,74,72,78,62,77,59,65,74
186953,O. Kıvrak,77,74,67,82,60,74,14,10,10
192073,A. Bertolacci,74,69,76,79,66,72,64,69,62
154954,A. Belenov,75,69,71,82,50,78,11,15,11
220746,A. Živković,85,69,73,80,32,49,43,68,67
212811,M. Lemina,78,66,77,79,67,75,68,68,55
114764,Iraizoz,69,79,80,70,33,85,13,16,12
179789,D. Da Silva,57,31,53,54,78,73,78,36,25
115533,D. Benaglio,76,80,61,73,43,79,15,12,12
191053,T. Rincón,74,58,73,77,76,80,58,60,45
191565,Y. Ōsako,76,72,67,80,37,66,70,74,72
192333,L. Sané,60,44,60,60,77,77,83,22,32
193869,Gil,61,40,62,54,77,80,75,23,28
185422,J. King,90,77,60,76,29,70,63,67,82
216655,Bastos,72,37,50,60,78,74,74,31,30
210513,J. Quintero,74,70,77,84,28,43,42,65,64
121170,A. Meier,37,81,70,69,42,69,74,83,81
190034,T. Kolodziejczak,71,35,63,64,76,80,72,30,22
7763,A. Pirlo,33,64,87,73,42,50,39,72,58
219732,G. Nkoudou,91,72,71,79,35,62,49,74,71
194644,Montoya,83,61,69,72,75,71,59,66,50
160087,L. Dalsaro,72,62,74,69,75,81,62,45,56
31831,K. Källström,36,70,82,72,63,73,62,79,62
204120,T. Vaclík,79,75,74,80,35,77,19,13,14
216409,M. Politano,82,69,71,82,17,50,40,67,69
